Altium Designer Pick and Place Locations
C:\Users\zheng\Dropbox\01_work\01_hybrid_radar\01_hardware\02_M3_FMCW\01_Schematic\M3FMCWS_B\Project Outputs for M3FMCWS\Pick Place for M3FMCWS_B.csv

========================================================================================================================
File Design Information:

Date:       24/04/24
Time:       11:54
Revision:   Not in VersionControl
Variant:    No variations
Units used: mil

"Designator","Comment","Layer","Footprint","Center-X(mil)","Center-Y(mil)","Rotation","Description"
"J2","10103594-0001LF","TopLayer","AMPHENOL_10103594-0001LF","1430.000","5165.276","180","USB - micro B USB 2.0 Receptacle Connector 5 Position Surface Mount, Right Angle; Through Hole"
"J8","JOHN-142-0761-801","TopLayer","JOHN-142-0761-801","3912.500","2999.000","270","CONN SMA JACK STR 50OHM EDGE MNT"
"J7","JOHN-142-0761-801","TopLayer","JOHN-142-0761-801","3912.500","3599.000","270","CONN SMA JACK STR 50OHM EDGE MNT"
"J6","JOHN-142-0761-801","TopLayer","JOHN-142-0761-801","2901.000","5212.500","0","CONN SMA JACK STR 50OHM EDGE MNT"
"U1","EP2RKU+","TopLayer","EP2RKU+","2155.000","4410.000","180","2 Ways MMIC Power Splitter, DC - 18000 MHz, 50?"
"U20_U_RF_AMP1","AVA-183A+","TopLayer","AVA-183A+_QFN","1549.827","4413.646","0","Wideband, Microwave, Monolithic Amplifier, 50?, 5 to 18 GHz"
"U13_U_LDO_C1","ADM7172ACPZ","BottomLayer","LFCSP_WD-8","1730.000","4800.000","0","6.5V, 2A, Ultralow Noise, High PSRR, Fast Transient Response CMOS LDO"
"R103_U_LDO_C1","0_DNI","BottomLayer","SMD-0603","1780.000","4935.000","270","Resistor-0603"
"R98_U_LDO_C1","1k","BottomLayer","SMD-0603","1845.000","4855.000","90","Resistor-0603"
"R95_U_LDO_C1","14.0k","BottomLayer","SMD-0603","1577.441","4875.000","0","Resistor-0603"
"R94_U_LDO_C1","44.2k","BottomLayer","SMD-0603","1605.000","4785.000","270","Resistor-0603"
"L3_U_RF_AMP1","3.3nH","TopLayer","SMD-0805","1544.827","4583.646","0","Inductor 0805"
"C72_U_LDO_C1","1nF","BottomLayer","SMD-0603","1690.000","4910.000","0","Ceramic Capacitor 0603"
"C71_U_LDO_C1","1uF","BottomLayer","SMD-0603","1540.000","4785.000","270","Ceramic Capacitor 0603"
"C70_U_LDO_C1","10uF","BottomLayer","SMD-0603","1845.000","4740.000","90","Ceramic Capacitor 0603"
"C35_U_RF_AMP1","0.1uF","TopLayer","SMD-0402","1502.543","4523.646","180","Ceramic Capacitor 0402"
"C34_U_RF_AMP1","1nF","TopLayer","SMD-0402","1592.543","4523.646","0","Ceramic Capacitor 0402"
"C33_U_RF_AMP1","18pF","TopLayer","SMD-0402","1629.827","4618.646","90","Ceramic Capacitor 0402"
"C32_U_RF_AMP1","5.6pF","TopLayer","SMD-0402","1544.827","4643.646","0","Ceramic Capacitor 0402"
"C67","5600pF","TopLayer","Johanson-0201","3290.000","3825.000","180","Broadband Capacitor 0201 Imperial"
"C65","5600pF","TopLayer","Johanson-0201","3350.000","4635.000","180","Broadband Capacitor 0201 Imperial"
"U20_U_RF_AMP2","AVA-183A+","TopLayer","AVA-183A+_QFN","2178.646","4105.173","270","Wideband, Microwave, Monolithic Amplifier, 50?, 5 to 18 GHz"
"U13_U_LDO_C2","ADM7172ACPZ","TopLayer","LFCSP_WD-8","2535.000","4310.000","90","6.5V, 2A, Ultralow Noise, High PSRR, Fast Transient Response CMOS LDO"
"R103_U_LDO_C2","0_DNI","TopLayer","SMD-0603","2670.000","4360.000","180","Resistor-0603"
"R98_U_LDO_C2","1k","TopLayer","SMD-0603","2590.000","4425.000","0","Resistor-0603"
"R95_U_LDO_C2","14.0k","TopLayer","SMD-0603","2610.000","4157.441","90","Resistor-0603"
"R94_U_LDO_C2","44.2k","TopLayer","SMD-0603","2520.000","4185.000","180","Resistor-0603"
"L3_U_RF_AMP2","3.3nH","TopLayer","SMD-0805","2348.646","4105.173","270","Inductor 0805"
"C72_U_LDO_C2","1nF","TopLayer","SMD-0603","2645.000","4270.000","90","Ceramic Capacitor 0603"
"C71_U_LDO_C2","1uF","TopLayer","SMD-0603","2520.000","4120.000","180","Ceramic Capacitor 0603"
"C70_U_LDO_C2","10uF","TopLayer","SMD-0603","2475.000","4425.000","0","Ceramic Capacitor 0603"
"C63","100nF","TopLayer","SMD-0402","3330.000","3405.000","0","Broadband Ceramic Capacitor X7R 0402 (1005 Metric)"
"C35_U_RF_AMP2","0.1uF","TopLayer","SMD-0402","2288.646","4150.173","90","Ceramic Capacitor 0402"
"C34_U_RF_AMP2","1nF","TopLayer","SMD-0402","2288.646","4060.173","270","Ceramic Capacitor 0402"
"C33_U_RF_AMP2","18pF","TopLayer","SMD-0402","2378.646","4020.173","0","Ceramic Capacitor 0402"
"C32_U_RF_AMP2","5.6pF","TopLayer","SMD-0402","2408.646","4105.173","270","Ceramic Capacitor 0402"
"C25","100nF","TopLayer","SMD-0402","3420.000","4975.000","270","Broadband Ceramic Capacitor X7R 0402 (1005 Metric)"
"L4_U_HPF2","18uH_DNI","TopLayer","SMD-0603","2340.000","3510.000","180","Inductor 0603"
"L4_U_HPF1","18uH_DNI","TopLayer","SMD-0603","2110.000","3510.000","0","Inductor 0603"
"C62_U_HPF2","0","TopLayer","SMD-0603","2255.000","3565.000","90","Ceramic Capacitor 0603"
"C62_U_HPF1","0","TopLayer","SMD-0603","2195.000","3565.000","90","Ceramic Capacitor 0603"
"R44","50","TopLayer","SMD-0402","3245.000","3405.000","0","High Frequency Resistor 0402"
"R3","50","TopLayer","SMD-0402","3365.000","4975.000","90","High Frequency Resistor 0402"
"U3_U_SPLIT42","EP4RKU+","TopLayer","EP4RKU+","3470.000","4790.000","0","Power Splitter/Combiner 4 Way-0� 50? DC to 18 GHz"
"U3_U_SPLIT41","EP4RKU+","TopLayer","EP4RKU+","3470.000","3590.000","0","Power Splitter/Combiner 4 Way-0� 50? DC to 18 GHz"
"TP1","TSW-101-15-T-S","TopLayer","TSW-101-15-T-S","1650.000","4035.000","0","CONN HEADER VERT 1POS"
"FL1","XHF-143M+","TopLayer","PQFN12-XHF-143M","3080.079","3805.000","180","Reflectionless High Pass Filter 50? 13900 to19000 MHz"
"T2","ADT1-1+","TopLayer","XFMR_ADT1-1+","1470.000","3605.000","180","RF Transformer, 50 ohm, 1:1, 0.15-400 MHz, SMT"
"T1","ADT1-1+","TopLayer","XFMR_ADT1-1+","1470.000","2890.000","180","RF Transformer, 50 ohm, 1:1, 0.15-400 MHz, SMT"
"P3","Header 2","TopLayer","HDR1X2","2220.000","5155.000","90","Header, 2-Pin"
"P2","Header 2","TopLayer","HDR1X2","1890.000","5155.000","90","Header, 2-Pin"
"L6","2.2uH","TopLayer","SMD-0603","1240.000","3450.000","90","Inductor 0603"
"L5","2.2uH","TopLayer","SMD-0603","1367.559","3150.000","180","Inductor 0603"
"C58","910pF","TopLayer","SMD-0603","1365.000","3390.000","180","Ceramic Capacitor 0603"
"C57","910pF","TopLayer","SMD-0603","1495.000","3150.000","0","Ceramic Capacitor 0603"
"U20_U_RF_AMP4","AVA-183A+","TopLayer","AVA-183A+_QFN","2512.992","3812.913","180","Wideband, Microwave, Monolithic Amplifier, 50?, 5 to 18 GHz"
"U20_U_RF_AMP3","AVA-183A+","TopLayer","AVA-183A+_QFN","2808.488","3813.000","180","Wideband, Microwave, Monolithic Amplifier, 50?, 5 to 18 GHz"
"U19","HMC8191LC4","TopLayer","HMC8191_E-24-1","2195.000","3816.378","0","6 GHz to 26.5 GHz,
Wideband I/Q Mixer"
"U17","LMH6882SQ/NOPB","TopLayer","NJK36_TEX","1985.236","2943.677","90","LMH6882 DC to 2.4-GHz, High-Linearity, Dual, Programmable Differential Amplifier"
"U13_U_LDO_C5","ADM7172ACPZ","BottomLayer","LFCSP_WD-8","2692.559","3308.071","270","6.5V, 2A, Ultralow Noise, High PSRR, Fast Transient Response CMOS LDO"
"U13_U_LDO_C4","ADM7172ACPZ","BottomLayer","LFCSP_WD-8","3020.568","3308.323","270","6.5V, 2A, Ultralow Noise, High PSRR, Fast Transient Response CMOS LDO"
"U13_U_LDO_C3","ADM7172ACPZ","BottomLayer","LFCSP_WD-8","1895.015","3517.559","90","6.5V, 2A, Ultralow Noise, High PSRR, Fast Transient Response CMOS LDO"
"SW2","A6S-8104-H","TopLayer","A6S-8101-H","2995.000","2907.559","270","Dip Switch SPST 8 Position Surface Mount Slide (Standard) Actuator 25mA 24VDC"
"R103_U_LDO_C5","0_DNI","BottomLayer","SMD-0603","2827.559","3258.071","180","Resistor-0603"
"R103_U_LDO_C4","0_DNI","BottomLayer","SMD-0603","3155.567","3258.323","180","Resistor-0603"
"R103_U_LDO_C3","0_DNI","BottomLayer","SMD-0603","1760.015","3567.559","0","Resistor-0603"
"R98_U_LDO_C5","1k","BottomLayer","SMD-0603","2747.559","3193.071","0","Resistor-0603"
"R98_U_LDO_C4","1k","BottomLayer","SMD-0603","3075.568","3193.323","0","Resistor-0603"
"R98_U_LDO_C3","1k","BottomLayer","SMD-0603","1840.014","3632.559","180","Resistor-0603"
"R95_U_LDO_C5","14.0k","BottomLayer","SMD-0603","2767.559","3460.630","270","Resistor-0603"
"R95_U_LDO_C4","14.0k","BottomLayer","SMD-0603","3095.568","3460.882","270","Resistor-0603"
"R95_U_LDO_C3","14.0k","BottomLayer","SMD-0603","1820.015","3365.000","90","Resistor-0603"
"R94_U_LDO_C5","44.2k","BottomLayer","SMD-0603","2677.559","3433.071","180","Resistor-0603"
"R94_U_LDO_C4","44.2k","BottomLayer","SMD-0603","3005.567","3433.323","180","Resistor-0603"
"R94_U_LDO_C3","44.2k","BottomLayer","SMD-0603","1910.015","3392.559","0","Resistor-0603"
"R39","4.99k","TopLayer","SMD-0603","1858.977","3172.559","270","Resistor-0603"
"R38","1.00k","BottomLayer","SMD-0603","1793.977","2712.559","90","Resistor-0603"
"R37","1.00k","BottomLayer","SMD-0603","1785.000","3170.000","270","Resistor-0603"
"R36","3.01k","BottomLayer","SMD-0603","1863.976","2712.559","270","Resistor-0603"
"R35","3.01k","BottomLayer","SMD-0603","1853.977","3172.559","90","Resistor-0603"
"R34","49.9","TopLayer","SMD-0603","2645.000","2622.559","270","Resistor-0603"
"R33","49.9","TopLayer","SMD-0603","2745.000","2622.559","270","Resistor-0603"
"R32","49.9","TopLayer","SMD-0402","2188.977","3022.559","180","Resistor-0402"
"R31","49.9","TopLayer","SMD-0603","2845.000","2622.559","270","Resistor-0603"
"R30","49.9","TopLayer","SMD-0603","2945.000","2622.559","270","Resistor-0603"
"R29","49.9","TopLayer","SMD-0603","3045.000","2622.559","270","Resistor-0603"
"R28","49.9","TopLayer","SMD-0603","3145.000","2622.559","270","Resistor-0603"
"R27","49.9","TopLayer","SMD-0603","3245.000","2622.559","270","Resistor-0603"
"R26","49.9","TopLayer","SMD-0603","3345.000","2622.559","270","Resistor-0603"
"R25","49.9","TopLayer","SMD-0402","2188.977","2865.000","180","Resistor-0402"
"R24","49.9","TopLayer","SMD-0402","1778.977","2970.000","180","Resistor-0402"
"R23","49.9","TopLayer","SMD-0402","1778.977","3015.000","180","Resistor-0402"
"R22","49.9","TopLayer","SMD-0402","1778.977","2915.000","180","Resistor-0402"
"R21","49.9","TopLayer","SMD-0402","1778.977","2870.000","180","Resistor-0402"
"R19","2.37k","TopLayer","SMD-0603","2333.977","2825.000","90","Resistor-0603"
"R18","2k","TopLayer","SMD-0402","1155.000","4890.000","0","Resistor-0402"
"R16","2.37k","TopLayer","SMD-0603","2333.977","3065.000","270","Resistor-0603"
"R15","2.37k","TopLayer","SMD-0603","2268.977","2825.000","270","Resistor-0603"
"R14","2.37k","TopLayer","SMD-0603","2268.977","3065.000","90","Resistor-0603"
"L3_U_RF_AMP4","3.3nH","TopLayer","SMD-0805","2512.992","3642.913","180","Inductor 0805"
"L3_U_RF_AMP3","3.3nH","TopLayer","SMD-0805","2808.488","3641.354","180","Inductor 0805"
"L2_U_HPF2","18uH","TopLayer","SMD-0603","2340.000","3400.000","180","Inductor 0603"
"L2_U_HPF1","18uH","TopLayer","SMD-0603","2110.000","3400.000","0","Inductor 0603"
"J13","SMA-J-P-H-ST-EM1","TopLayer","SMA-J-P-H-ST-EM1","1088.937","3600.000","270","Connector SMA F 50Ohm Solder ST Edge Mount Gold Over Nickel Tray"
"J9","SMA-J-P-H-ST-EM1","TopLayer","SMA-J-P-H-ST-EM1","1088.937","3000.000","270","Connector SMA F 50Ohm Solder ST Edge Mount Gold Over Nickel Tray"
"J5","JOHN-142-0761-801","TopLayer","JOHN-142-0761-801","3912.500","4199.000","270","CONN SMA JACK STR 50OHM EDGE MNT"
"J4","JOHN-142-0761-801","TopLayer","JOHN-142-0761-801","1087.500","4401.000","90","CONN SMA JACK STR 50OHM EDGE MNT"
"J3","JOHN-142-0761-801","TopLayer","JOHN-142-0761-801","3912.500","4799.000","270","CONN SMA JACK STR 50OHM EDGE MNT"
"J1","JOHN-142-0761-801","TopLayer","JOHN-142-0761-801","3501.000","5212.500","0","CONN SMA JACK STR 50OHM EDGE MNT"
"D2","LED0603","TopLayer","LED-SMD-0603","1330.000","4890.000","180","LED 0603"
"C49","0.01uF","TopLayer","SMD-0402","2193.977","2970.000","180","Ceramic Capacitor 0402"
"C48","0.01uF","TopLayer","SMD-0402","2193.977","2920.000","180","Ceramic Capacitor 0402"
"C141","47uF","TopLayer","CAP_TANT_1206_POL","2100.000","4930.000","0","Polarized Cap, Size 1206 Imperial (3216 Metric), Tantalum"
"C72_U_LDO_C5","1nF","BottomLayer","SMD-0603","2802.559","3348.071","270","Ceramic Capacitor 0603"
"C72_U_LDO_C4","1nF","BottomLayer","SMD-0603","3130.567","3348.323","270","Ceramic Capacitor 0603"
"C72_U_LDO_C3","1nF","BottomLayer","SMD-0603","1785.015","3477.559","90","Ceramic Capacitor 0603"
"C71_U_LDO_C5","1uF","BottomLayer","SMD-0603","2677.559","3498.071","180","Ceramic Capacitor 0603"
"C71_U_LDO_C4","1uF","BottomLayer","SMD-0603","3005.567","3498.323","180","Ceramic Capacitor 0603"
"C71_U_LDO_C3","1uF","BottomLayer","SMD-0603","1910.015","3330.000","0","Ceramic Capacitor 0603"
"C70_U_LDO_C5","10uF","BottomLayer","SMD-0603","2632.559","3193.071","0","Ceramic Capacitor 0603"
"C70_U_LDO_C4","10uF","BottomLayer","SMD-0603","2960.568","3193.323","0","Ceramic Capacitor 0603"
"C70_U_LDO_C3","10uF","BottomLayer","SMD-0603","1955.014","3632.559","180","Ceramic Capacitor 0603"
"C56","1nF","TopLayer","SMD-0402","1933.977","2750.000","90","Ceramic Capacitor 0402"
"C55","1nF","TopLayer","SMD-0402","1978.977","2750.000","90","Ceramic Capacitor 0402"
"C54","1nF","TopLayer","SMD-0402","1978.977","3140.000","270","Ceramic Capacitor 0402"
"C53","1nF","TopLayer","SMD-0402","1933.977","3140.000","270","Ceramic Capacitor 0402"
"C52","10uF","TopLayer","CAP_TANT_1206_POL","2165.000","3190.000","0","Polarized Cap, Size 1206 Imperial (3216 Metric), Tantalum"
"C35_U_RF_AMP4","0.1uF","TopLayer","SMD-0402","2557.992","3702.913","0","Ceramic Capacitor 0402"
"C35_U_RF_AMP3","0.1uF","TopLayer","SMD-0402","2853.488","3701.354","0","Ceramic Capacitor 0402"
"C34_U_RF_AMP4","1nF","TopLayer","SMD-0402","2467.992","3702.913","180","Ceramic Capacitor 0402"
"C34_U_RF_AMP3","1nF","TopLayer","SMD-0402","2763.488","3701.354","180","Ceramic Capacitor 0402"
"C33_U_RF_AMP4","18pF","TopLayer","SMD-0402","2427.992","3612.913","270","Ceramic Capacitor 0402"
"C33_U_RF_AMP3","18pF","TopLayer","SMD-0402","2723.488","3611.354","270","Ceramic Capacitor 0402"
"C32_U_RF_AMP4","5.6pF","TopLayer","SMD-0402","2512.992","3582.913","180","Ceramic Capacitor 0402"
"C32_U_RF_AMP3","5.6pF","TopLayer","SMD-0402","2808.488","3581.354","180","Ceramic Capacitor 0402"
"C31_U_HPF2","6800pF","TopLayer","SMD-0603","2255.000","3455.000","90","Ceramic Capacitor 0603"
"C31_U_HPF1","6800pF","TopLayer","SMD-0603","2195.000","3455.000","90","Ceramic Capacitor 0603"
"C30_U_HPF2","6800pF","TopLayer","SMD-0603","2255.000","3345.000","90","Ceramic Capacitor 0603"
"C30_U_HPF1","6800pF","TopLayer","SMD-0603","2195.000","3345.000","90","Ceramic Capacitor 0603"
"C29","0.1uF","BottomLayer","SMD-0603","1725.000","2712.441","90","Ceramic Capacitor 0603"
"C28","0.1uF","BottomLayer","SMD-0603","1720.000","3170.000","270","Ceramic Capacitor 0603"
"C26","0.1uF","TopLayer","SMD-0603","1240.000","3575.000","90","Ceramic Capacitor 0603"
"C24","0.1uF","TopLayer","SMD-0603","1260.000","3122.559","270","Ceramic Capacitor 0603"
"C23","0.1uF","TopLayer","SMD-0603","2398.977","2825.000","90","Ceramic Capacitor 0603"
"C22","0.1uF","TopLayer","SMD-0603","2398.977","3065.000","270","Ceramic Capacitor 0603"
